"1","Alabama Enterprise",,"Alabama, US","IN","Alabama","2324","2147483647","2147483647","0","celine.jpg","16"
"2","Alan",,"Alan Avenue","KS","Alan",,"46354","343625","0","celine.jpg","16"
"3","Alancaster",,"Alan","VT","Ibadan","200252","32463","43536","0","celine.jpg","16"
"4","Hii Hii ",,"VI, Lagos","KS","Ibadan","735637","23432","243245","0","celine.jpg","16"
"5","dgfd",,"Ibasds","VT","Ibadan","200252","4564","345647","0","celine.jpg","16"
"6","dgfdhfh",,"dfdf","IN","dgdfgdf","dgdf","0","0","0","celine.jpg","16"
"7","dgfh",,"dfgdghd","KS","fbgdhf","fdghdf","0","0","0","celine.jpg","16"
"8","dgfdhgfd",,"dhgfdh","KS","gdfds","dfd","0","0","0","celine.jpg","16"
"9","dgdfh",,"gdgdh","IA","sdgd","gf","0","0","0","celine.jpg","16"
"10","Alan",,"dfd","IA","dgd","dfd","0","0","0","celine.jpg","16"
